"","Hospital.overall.rating","CAC_3_Score","IMM_2_Score","IMM_3_OP_27_FAC_ADHPCT_Score","OP_22_Score","OP_23_Score","OP_29_Score","OP_30_Score","OP_4_Score","PC_01_Score","STK_4_Score","STK_5_Score","STK_6_Score","STK_8_Score","VTE_1_Score","VTE_2_Score","VTE_3_Score","VTE_5_Score","VTE_6_Score"
"1","1",0.493927572187719,0.213470256970785,-0.0871097487803088,-0.534529645206807,-0.0618988164195025,-0.0178400609035274,-0.126595880767116,-0.0567350304614894,0.0541710386909268,-0.0878457177252098,0.278846163314236,0.171553691147157,0.0558049706022268,0.26707670158688,0.260983795655313,0.237748912114901,0.259393748366404,-0.190889141354632
"2","2",0.0204214283085939,0.0446683359101998,-0.0854915189564021,-0.237196645013604,0.0541247723137066,-0.0301995588613753,0.0125337499821032,0.0420286178567634,-0.111039424949579,0.0429870576731985,0.190547835340671,0.104796699680372,-0.0227765189363054,0.0850388857548396,0.0912159712814921,0.0881413962660868,0.0705083224383103,-0.022820564975062
"3","3",-0.0469010144635748,0.0391628461144292,0.0332585123395815,-0.0212439492260394,-0.0312256741589223,-0.0122357259113227,0.0315476102828545,0.0119888463663106,0.018833416310437,0.0106198278556589,-0.0731206123271242,-0.0133719460384055,0.00469792043535705,0.0368365678736322,0.032779959939611,-0.026717853353145,-0.0473794779123092,-0.00357964691873688
"4","4",0.127309813759926,0.029853924352942,0.16434866483429,0.204269201118442,0.0577960234155186,0.0587764461520914,-0.0395085733376776,-0.0142358830683433,0.0506687463642352,-0.0293463364823972,-0.0998354722666704,-0.084469808758254,0.00579632062724804,0.0360024459370455,-0.122434943408348,-0.0722699954565187,-0.0428820956074607,0.0533303765003909
"5","5",0.789558068566994,-0.191658156359643,0.320028127726376,0.407256560255711,-0.118641112406141,0.207071952712966,0.0952636275413093,-0.0885082881063966,0.0367345221387718,0.0455376486924711,-0.0278355209215128,-0.24525307445797,0.0611635941615391,-0.384308416109592,-0.406729316794169,-0.136683683658232,-0.205268535732564,0.336228306330366
"6","Not Available",-0.166230978113946,-0.326229255131,-0.290134885274922,0.301226776703607,-0.192658508485638,-0.222976697400879,-0.166019820418701,-0.0758817421687958,-0.00239888781088174,-0.292055962627618,0.289724226712145,-0.0502832939389287,-0.145404572190029,-0.449601675442796,-0.310843792556447,0.0477794691659231,0.312288604841321,0.165449460147735
