"","Hospital.overall.rating","H_CLEAN_LINEAR_SCORE_mean","H_COMP_1_LINEAR_SCORE_mean","H_COMP_2_LINEAR_SCORE_mean","H_COMP_3_LINEAR_SCORE_mean","H_COMP_4_LINEAR_SCORE_mean","H_COMP_5_LINEAR_SCORE_mean","H_COMP_6_LINEAR_SCORE_mean","H_COMP_7_LINEAR_SCORE_mean","H_HSP_RATING_LINEAR_SCORE_mean","H_QUIET_LINEAR_SCORE_mean","H_RECMND_LINEAR_SCORE_mean"
"1","1",-1.27951174250273,-1.56845299245089,-1.1556788903362,-1.63706775002942,-1.47884279636587,-1.30744047448226,-1.31741075582721,-1.3760160553583,-1.53713112994468,-1.09279252539604,-1.3144232759269
"2","2",-0.705894734784346,-0.786449930065711,-0.701410013744431,-0.806469267214453,-0.764616771065265,-0.740643998590404,-0.665008969030296,-0.786876274849769,-0.794526612959647,-0.578301163542858,-0.73626381430115
"3","3",-0.0225163453055513,-0.0278648672298702,-0.00314698770141384,-0.00478349710042403,-0.0225690378229784,-0.0577102138057051,-0.0359318701630181,-0.0778745817197719,-0.065906422048328,-0.0225685999410308,-0.0860046127194489
"4","4",0.530544757921114,0.595477255294689,0.490897152245387,0.566033116964616,0.570480579673846,0.577360224930263,0.526472277348944,0.622562909224678,0.619093881052121,0.363787829197235,0.593959553914374
"5","5",0.922607189603723,1.14082124217209,0.823871073226115,1.05663865647271,1.05574774413174,1.0233661767922,0.887270650071546,1.2562740219427,1.39023302571993,0.958383367647858,1.37544206296091
"6","Not Available",0.377736967691658,0.474489682115067,0.411623368241093,0.613215488069421,0.451639949807853,0.57051473184579,0.426361588032449,0.607537399608735,0.555449029774272,0.729098315996853,0.500658837950749
