"","Hospital.overall.rating","OP_10","OP_11","OP_13","OP_14","OP_8"
"1","1",0.0749506555531186,0.132137214101662,0.0318446531296693,-0.685447592167074,0.130028035106382
"2","2",-0.0887979923783338,-0.0955142398263052,-0.0359759047231472,-0.272752536709424,0.0312167639094525
"3","3",-0.0114097258645477,-0.0134382033616147,0.03180081803534,0.0235500614368051,-0.0176155559180114
"4","4",0.132540921824896,0.110139468182828,-0.0155651621960746,0.100058672614597,0.00369720959190098
"5","5",0.130503821602321,0.240097860422106,-0.135248221891342,0.316502712030278,0.0969628387274303
"6","Not Available",-0.213388514808692,-0.271615410446021,0.00712450819903491,1.05649869350917,-0.612482192317796
