"","Hospital.overall.rating","MORT_30_AMI_score","MORT_30_CABG_score","MORT_30_COPD_score","MORT_30_HF_score","MORT_30_PN_score","MORT_30_STK_score","PSI_4_SURG_COMP_Score"
"1","1",-0.380426841647717,-0.200325621178858,0.279981034551074,0.0694131354377838,-0.496684803252169,-0.509498280113046,-0.485382066239365
"2","2",-0.203159667753998,-0.0766968145118486,0.120908599926535,0.00933449069811719,-0.331444598878877,-0.0815358892175507,-0.188439615859989
"3","3",0.0150418277769065,-0.0085849297535758,-0.00613521908487068,0.0235053973016648,-0.0525603850605563,-0.00154875411228427,0.0124866124884563
"4","4",0.228024041598253,0.0934872730564767,-0.0556074390306976,-0.0657408464757382,0.372752782504332,0.140645194747759,0.244689981920431
"5","5",0.745167554988359,0.226747275619051,-0.0825445134714415,-0.530332034895216,0.861530290829412,0.379222710561659,0.262698729511614
"6","Not Available",-0.195827855553057,0.121452420820333,-0.244470814838086,0.216541262401611,-0.0292049228440015,-0.0960738321426791,1.47388828836949
