"","Hospital.overall.rating","READM_30_AMI_score","READM_30_CABG_score","READM_30_COPD_score","READM_30_HF_score","READM_30_HIP_KNEE_score","READM_30_HOSP_WIDE_score","READM_30_PN_score","READM_30_STK_score"
"1","1",-0.589380202087551,-0.579170059692732,-0.972023364170691,-1.0731331081218,-0.286698060625401,-1.75481147942878,-1.26404286369187,-0.577350132102136
"2","2",-0.412150691429584,-0.21415031592528,-0.395274548969399,-0.464676924434138,-0.257086633166506,-0.78722316537888,-0.610173718769002,-0.218657753614173
"3","3",0.0520074071110213,-0.0370280928269571,0.0107904691847856,-0.0200758528809852,-0.0543384950917,-0.0207743009903247,0.0391376802790743,0.0589148288430571
"4","4",0.358883943858958,0.312745047466885,0.346216579857517,0.436515203830818,0.167183712713827,0.612331125631043,0.397934054112701,0.169017889814791
"5","5",1.0029697354295,0.454325015264863,0.954390920205563,1.37433540556379,0.829874797443858,1.66254098041828,0.815377123877179,0.208899560124663
"6","Not Available",-0.688161018384067,0.228151948284559,-0.025692009071207,-0.0727352279497057,-0.0269206216617428,0.00494492457608455,0.130525480212169,0.14967058467918
