"","Hospital.overall.rating","HAI_1_SIR","HAI_2_SIR","HAI_3_SIR","HAI_4_SIR","HAI_5_SIR","HAI_6_SIR","COMP_HIP_KNEE_Score","PSI_90_SAFETY_Score"
"1","1",-0.445257441743248,-0.52598846067307,-0.172482875736795,-0.395203481233614,-0.340611165068022,-0.0256929850184185,-0.203735367830868,-1.87979542147478
"2","2",-0.171714709797417,-0.108591062371254,-0.0458592747565288,0.036221882849588,-0.0708694071678546,-0.10002614205976,-0.148963148161498,-0.530591689093836
"3","3",0.0489854997474271,0.0654714592180934,0.0118955909368619,0.0434130647533722,0.00234940546854646,-0.024011997719223,-0.0764388856657395,0.0652462108008203
"4","4",0.176978344449465,0.0744999276891599,0.0613434612123925,-0.0487543728552426,0.152054117575268,0.00476261948092857,0.124940947177567,0.471326641712892
"5","5",0.2323773949287,0.119576879150507,-0.0285177191047109,0.166386694690657,0.280333956285191,0.510352224527154,0.845557401519934,0.942345155818441
"6","Not Available",-0.0970152200254526,-0.0257059672764671,0.0659775217700629,0.0439017876810447,-0.0714231409622504,0.402832949369741,0.152785226727731,0.0688864285520782
