"","Hospital.overall.rating","ED_1b_Score","ED_2b_Score","OP_18b_Score","OP_20_Score","OP_21_Score","OP_3b_Score","OP_5_Score"
"1","1",-1.34191730005695,0.476098708127578,-0.127273528252854,-0.56754561168022,-0.41934629831516,0.0495206532740951,0.189124729873311
"2","2",-0.517635859945694,0.266271474427135,0.0838892059444207,-0.175280313410183,-0.225748885354197,-0.0158423027239172,0.132736207513264
"3","3",0.104664581631126,-0.085063753652699,0.0759961201405892,0.0356760433169561,0.00690903237327154,-0.0528451490447833,0.0326426220725828
"4","4",0.267452347978217,-0.127787714727208,0.111688274636876,0.0854830078262342,0.184592021385611,0.16984508107575,-0.180258568744301
"5","5",0.340674846336223,0.0308195271358805,0.146316448461627,-0.108153217792327,0.171917026689849,0.521978202438144,-0.283773646687659
"6","Not Available",0.26248707571062,0.0453933395623141,-0.836796996784952,0.181388776571633,0.145095013585138,-1.09982319228845,0.122919749861255
